,stocks
0,A
1,AA
2,AAP
3,AAT
4,AB
5,ABB
6,ABBV
7,ABC
8,ABEV
9,ABG
10,ABM
11,ABR
12,ABT
13,ACC
14,ACCO
15,ACH
16,ACM
17,ACN
18,ACP
19,ACRE
20,ADC
21,ADM
22,ADS
23,ADX
24,AEB
25,AEE
26,AEG
27,AEL
28,AEM
29,AEO
30,AEP
31,AER
32,AES
33,AET
34,AFB
35,AFG
36,AFL
37,AFT
38,AG
39,AGCO
40,AGD
41,AGI
42,AGM
43,AGO
44,AGRO
45,AGX
46,AHH
47,AHL
48,AHT
49,AIF
50,AIG
51,AIN
52,AIR
53,AIT
54,AIV
55,AIZ
56,AJG
57,AKR
58,AL
59,ALB
60,ALE
61,ALEX
62,ALG
63,ALK
64,ALL
65,ALLE
66,ALLY
67,ALSN
68,ALV
69,ALX
70,AMC
71,AME
72,AMG
73,AMH
74,AMP
75,AMRC
76,AMT
77,AMX
78,AN
79,ANET
80,ANF
81,ANTM
82,AOD
83,AON
84,AOS
85,AP
86,APA
87,APAM
88,APD
89,APH
90,APO
91,AR
92,ARC
93,ARCO
94,ARDC
95,ARE
96,ARES
97,ARI
98,ARL
99,ARMK
100,ARR
101,ARW
102,ASA
103,ASB
104,ASC
105,ASG
106,ASGN
107,ASH
108,ASPN
109,ASR
110,ASX
111,ATEN
112,ATHM
113,ATI
114,ATO
115,ATR
116,ATTO
117,AU
118,AUY
119,AVA
120,AVAL
121,AVB
122,AVD
123,AVK
124,AVT
125,AVY
126,AWF
127,AWH
128,AWI
129,AWK
130,AWP
131,AWR
132,AXL
133,AXP
134,AXR
135,AXS
136,AXTA
137,AYI
138,AZN
139,AZO
140,AZZ
141,B
142,BA
143,BABA
144,BAC
145,BAH
146,BAM
147,BANC
148,BAP
149,BAX
150,BBD
151,BBDO
152,BBL
153,BBN
154,BBVA
155,BBW
156,BBY
157,BC
158,BCC
159,BCE
160,BCH
161,BCO
162,BCS
163,BCX
164,BDC
165,BDJ
166,BDN
167,BDX
168,BEN
169,BEP
170,BERY
171,BFAM
172,BFK
173,BFS
174,BFZ
175,BG
176,BGB
177,BGH
178,BGR
179,BGS
180,BGT
181,BGX
182,BGY
183,BH
184,BHE
185,BHK
186,BHLB
187,BHP
188,BIF
189,BIG
190,BIO
191,BIP
192,BIT
193,BK
194,BKD
195,BKE
196,BKH
197,BKN
198,BKT
199,BKU
200,BLK
201,BLL
202,BLW
203,BLX
204,BMA
205,BME
206,BMI
207,BMO
208,BMS
209,BMY
210,BNS
211,BNY
212,BOE
213,BOH
214,BOOT
215,BP
216,BPT
217,BR
218,BRC
219,BRFS
220,BRO
221,BRT
222,BRX
223,BSAC
224,BSBR
225,BSL
226,BSMX
227,BST
228,BSX
229,BTA
230,BTO
231,BTT
232,BTZ
233,BUD
234,BUI
235,BURL
236,BVN
237,BWA
238,BWG
239,BWP
240,BX
241,BXC
242,BXMT
243,BXMX
244,BXP
245,BXS
246,BYD
247,BYM
248,BZH
249,C
250,CACI
251,CAE
252,CAF
253,CAG
254,CAH
255,CAJ
256,CALX
257,CAPL
258,CAT
259,CATO
260,CB
261,CBA
262,CBD
263,CBI
264,CBT
265,CBU
266,CBZ
267,CCI
268,CCJ
269,CCK
270,CCL
271,CCM
272,CCO
273,CCS
274,CCU
275,CDE
276,CDR
277,CE
278,CEA
279,CEE
280,CELP
281,CEM
282,CEN
283,CEO
284,CEQP
285,CF
286,CFG
287,CFR
288,CFX
289,CGA
290,CHD
291,CHE
292,CHGG
293,CHH
294,CHMI
295,CHN
296,CHS
297,CHT
298,CI
299,CIA
300,CIB
301,CIEN
302,CIF
303,CIG
304,CII
305,CIM
306,CIO
307,CIR
308,CIT
309,CIVI
310,CL
311,CLB
312,CLDT
313,CLF
314,CLH
315,CLI
316,CLR
317,CLS
318,CLW
319,CLX
320,CM
321,CMA
322,CMC
323,CMCM
324,CMG
325,CMI
326,CMO
327,CMP
328,CMRE
329,CMS
330,CMU
331,CNA
332,CNC
333,CNHI
334,CNI
335,CNK
336,CNO
337,CNP
338,CNQ
339,CNS
340,CNX
341,CO
342,CODI
343,COF
344,COL
345,COO
346,COP
347,COR
348,CORR
349,COTY
350,CP
351,CPA
352,CPAC
353,CPB
354,CPE
355,CPF
356,CPG
357,CPK
358,CPN
359,CPS
360,CPT
361,CR
362,CRH
363,CRI
364,CRK
365,CRL
366,CRM
367,CRS
368,CRT
369,CRY
370,CS
371,CSL
372,CSLT
373,CSTM
374,CSU
375,CSV
376,CSX
377,CTB
378,CTLT
379,CTR
380,CTS
381,CTT
382,CUBE
383,CUBI
384,CUDA
385,CUK
386,CUZ
387,CVA
388,CVE
389,CVEO
390,CVG
391,CVI
392,CVRR
393,CVS
394,CVX
395,CW
396,CWT
397,CX
398,CXE
399,CXH
400,CXP
401,CXW
402,CYD
403,CYH
404,CYS
405,D
406,DAC
407,DAL
408,DAN
409,DAR
410,DB
411,DBD
412,DBL
413,DCI
414,DCO
415,DD
416,DDD
417,DDF
418,DDS
419,DDT
420,DE
421,DECK
422,DEI
423,DEL
424,DEO
425,DEX
426,DFP
427,DFS
428,DG
429,DGX
430,DHF
431,DHI
432,DHR
433,DHT
434,DHX
435,DIAX
436,DIN
437,DIS
438,DK
439,DKL
440,DKS
441,DLB
442,DLNG
443,DLR
444,DLX
445,DMB
446,DMO
447,DNOW
448,DNP
449,DOC
450,DOOR
451,DOV
452,DPG
453,DPZ
454,DQ
455,DRD
456,DRE
457,DRH
458,DRI
459,DRQ
460,DSL
461,DSM
462,DST
463,DSU
464,DSX
465,DTE
466,DTF
467,DTK
468,DUK
469,DUKH
470,DVA
471,DVD
472,DVN
473,DX
474,DY
475,E
476,EARN
477,EAT
478,EBF
479,EBR
480,EBS
481,EC
482,ECC
483,ECL
484,ECOM
485,ED
486,EDD
487,EDF
488,EDI
489,EDN
490,EDU
491,EEA
492,EEP
493,EEQ
494,EFC
495,EFR
496,EFT
497,EFX
498,EGF
499,EGL
500,EGN
501,EGO
502,EGP
503,EGY
504,EHI
505,EIG
506,EIX
507,EL
508,ELA
509,ELP
510,ELS
511,ELU
512,ELY
513,EMD
514,EME
515,EMF
516,EMN
517,EMO
518,EMR
519,ENB
520,ENBL
521,ENJ
522,ENLC
523,ENLK
524,ENR
525,ENS
526,ENV
527,ENVA
528,ENZ
529,EOD
530,EOG
531,EOI
532,EOS
533,EOT
534,EPAM
535,EPD
536,EPR
537,EQC
538,EQR
539,EQS
540,EQT
541,ERF
542,ERJ
543,ESE
544,ESI
545,ESNT
546,ESRT
547,ESS
548,ETB
549,ETG
550,ETJ
551,ETN
552,ETO
553,ETP
554,ETR
555,ETV
556,ETW
557,ETX
558,ETY
559,EVC
560,EVF
561,EVG
562,EVGN
563,EVHC
564,EVN
565,EVR
566,EVT
567,EVTC
568,EW
569,EXC
570,EXD
571,EXG
572,EXK
573,EXP
574,EXPR
575,EXR
576,EZT
577,F
578,FAF
579,FAM
580,FBC
581,FBHS
582,FBP
583,FBR
584,FC
585,FCB
586,FCF
587,FCN
588,FCT
589,FCX
590,FDP
591,FDS
592,FDX
593,FE
594,FEI
595,FENG
596,FEO
597,FET
598,FF
599,FFA
600,FFC
601,FGB
602,FHN
603,FICO
604,FIF
605,FIS
606,FIX
607,FL
608,FLC
609,FLO
610,FLR
611,FLS
612,FLT
613,FMC
614,FMN
615,FMO
616,FMS
617,FMX
618,FMY
619,FN
620,FNB
621,FNF
622,FNV
623,FOE
624,FOF
625,FOR
626,FPF
627,FPL
628,FR
629,FRA
630,FRC
631,FRO
632,FRT
633,FSD
634,FSM
635,FSS
636,FT
637,FTI
638,FTK
639,FUL
640,FUN
641,FVE
642,G
643,GAB
644,GAM
645,GBAB
646,GBL
647,GBX
648,GCI
649,GCO
650,GCV
651,GD
652,GDL
653,GDO
654,GDOT
655,GDV
656,GE
657,GEF
658,GEL
659,GEO
660,GER
661,GES
662,GF
663,GFF
664,GFI
665,GGB
666,GGG
667,GGM
668,GGT
669,GGZ
670,GHC
671,GHL
672,GHM
673,GHY
674,GIB
675,GIL
676,GIM
677,GIS
678,GJH
679,GJO
680,GJP
681,GJR
682,GJS
683,GJT
684,GLOB
685,GLOP
686,GLP
687,GLT
688,GLW
689,GM
690,GME
691,GMED
692,GNE
693,GNRC
694,GNT
695,GNW
696,GOF
697,GOL
698,GPC
699,GPI
700,GPK
701,GPM
702,GPN
703,GPRK
704,GPS
705,GPT
706,GPX
707,GRX
708,GS
709,GSK
710,GSL
711,GTN
712,GTS
713,GTY
714,GUT
715,GVA
716,GWB
717,GWRE
718,GWW
719,GXP
720,GYC
721,H
722,HAE
723,HAL
724,HASI
725,HBI
726,HBM
727,HCA
728,HCI
729,HD
730,HDB
731,HE
732,HEI
733,HEP
734,HEQ
735,HES
736,HFC
737,HGH
738,HHC
739,HHS
740,HI
741,HIE
742,HIG
743,HII
744,HIL
745,HIO
746,HIVE
747,HIW
748,HIX
749,HL
750,HLF
751,HLT
752,HLX
753,HMC
754,HMLP
755,HMN
756,HMY
757,HNI
758,HNP
759,HOG
760,HON
761,HOT
762,HOV
763,HP
764,HPF
765,HPI
766,HPP
767,HPQ
768,HPS
769,HQH
770,HQL
771,HR
772,HRB
773,HRC
774,HRL
775,HRTG
776,HSBC
777,HSC
778,HSEB
779,HST
780,HSY
781,HT
782,HTA
783,HTD
784,HTGC
785,HTH
786,HTY
787,HUBS
788,HUM
789,HUN
790,HVT
791,HXL
792,HY
793,HYB
794,HYI
795,HYT
796,HZO
797,IAE
798,IAG
799,IBA
800,IBM
801,IBN
802,IBP
803,ICD
804,ICE
805,ICL
806,IDA
807,IDE
808,IDT
809,IEX
810,IFF
811,IFN
812,IGA
813,IGD
814,IGI
815,IGR
816,IGT
817,IHC
818,IHD
819,IHG
820,IIF
821,IIM
822,IMAX
823,IMPV
824,INFY
825,ING
826,INGR
827,INN
828,INT
829,IO
830,IP
831,IPG
832,IPI
833,IQI
834,IRL
835,IRM
836,IRS
837,ISD
838,ISG
839,ISP
840,IT
841,ITT
842,ITUB
843,ITW
844,IVC
845,IVH
846,IVR
847,IVZ
848,IX
849,JBK
850,JBL
851,JBR
852,JBT
853,JCE
854,JCI
855,JDD
856,JE
857,JEQ
858,JFR
859,JGH
860,JHI
861,JHS
862,JHX
863,JKS
864,JLL
865,JLS
866,JMI
867,JMM
868,JMP
869,JNJ
870,JNPR
871,JOE
872,JOF
873,JPC
874,JPI
875,JPM
876,JPS
877,JQC
878,JRI
879,JRO
880,JSD
881,JTA
882,JTD
883,JWN
884,K
885,KAI
886,KAMN
887,KAR
888,KB
889,KBH
890,KBR
891,KED
892,KEP
893,KEX
894,KEY
895,KEYS
896,KF
897,KFS
898,KFY
899,KGC
900,KIM
901,KIO
902,KKR
903,KMB
904,KMF
905,KMG
906,KMI
907,KMPR
908,KMT
909,KMX
910,KN
911,KND
912,KNOP
913,KNX
914,KO
915,KODK
916,KOF
917,KOP
918,KOS
919,KR
920,KRA
921,KRC
922,KRG
923,KRO
924,KS
925,KSM
926,KSS
927,KSU
928,KT
929,KTF
930,KTH
931,KTN
932,KW
933,KWR
934,KYN
935,L
936,LAD
937,LADR
938,LAZ
939,LC
940,LCI
941,LDOS
942,LDP
943,LEA
944,LEE
945,LEG
946,LEJU
947,LEN
948,LEO
949,LEU
950,LFC
951,LGI
952,LH
953,LHO
954,LII
955,LITB
956,LL
957,LLL
958,LLY
959,LMT
960,LNC
961,LND
962,LNN
963,LNT
964,LOW
965,LPG
966,LPI
967,LPL
968,LPX
969,LQ
970,LRN
971,LTC
972,LUB
973,LUV
974,LVS
975,LXFR
976,LXP
977,LXU
978,LYB
979,LYG
980,LYV
981,LZB
982,M
983,MA
984,MAA
985,MAC
986,MAIN
987,MAN
988,MANU
989,MAS
990,MATX
991,MAV
992,MBI
993,MBT
994,MC
995,MCA
996,MCD
997,MCI
998,MCK
999,MCN
1000,MCO
1001,MCR
1002,MCS
1003,MCY
1004,MD
1005,MDC
1006,MDP
1007,MDT
1008,MDU
1009,MED
1010,MEI
1011,MET
1012,MFA
1013,MFC
1014,MFD
1015,MFG
1016,MFL
1017,MFM
1018,MFV
1019,MG
1020,MGA
1021,MGF
1022,MGM
1023,MGU
1024,MHD
1025,MHF
1026,MHI
1027,MHK
1028,MHN
1029,MHNC
1030,MHO
1031,MIC
1032,MIN
1033,MITT
1034,MIXT
1035,MIY
1036,MKC
1037,MKL
1038,MLI
1039,MLM
1040,MLP
1041,MLR
1042,MMC
1043,MMD
1044,MMI
1045,MMM
1046,MMP
1047,MMS
1048,MMT
1049,MMU
1050,MN
1051,MNP
1052,MNR
1053,MO
1054,MOD
1055,MODN
1056,MOH
1057,MOS
1058,MOV
1059,MPA
1060,MPC
1061,MPLX
1062,MPV
1063,MPW
1064,MPX
1065,MQT
1066,MQY
1067,MRC
1068,MRIN
1069,MRK
1070,MRO
1071,MS
1072,MSA
1073,MSB
1074,MSCI
1075,MSD
1076,MSI
1077,MSM
1078,MT
1079,MTB
1080,MTD
1081,MTDR
1082,MTG
1083,MTH
1084,MTL
1085,MTN
1086,MTOR
1087,MTR
1088,MTRN
1089,MTW
1090,MTX
1091,MTZ
1092,MUA
1093,MUC
1094,MUE
1095,MUI
1096,MUJ
1097,MUR
1098,MUSA
1099,MUX
1100,MVO
1101,MVT
1102,MWA
1103,MX
1104,MXE
1105,MXF
1106,MXL
1107,MYC
1108,MYD
1109,MYE
1110,MYI
1111,MYJ
1112,MYN
1113,NAC
1114,NAD
1115,NAN
1116,NAP
1117,NAT
1118,NAZ
1119,NBB
1120,NBHC
1121,NBR
1122,NC
1123,NCA
1124,NCR
1125,NCV
1126,NCZ
1127,NDP
1128,NEA
1129,NEE
1130,NEM
1131,NEP
1132,NEU
1133,NEV
1134,NEWR
1135,NFG
1136,NFJ
1137,NFX
1138,NGG
1139,NGL
1140,NGS
1141,NGVC
1142,NHF
1143,NHI
1144,NI
1145,NID
1146,NIE
1147,NIM
1148,NIQ
1149,NJR
1150,NKE
1151,NKG
1152,NKX
1153,NL
1154,NLS
1155,NLSN
1156,NLY
1157,NM
1158,NMFC
1159,NMI
1160,NMM
1161,NMR
1162,NMS
1163,NMT
1164,NNA
1165,NNI
1166,NNN
1167,NNY
1168,NOA
1169,NOAH
1170,NOC
1171,NOK
1172,NOV
1173,NOW
1174,NP
1175,NPK
1176,NPO
1177,NPTN
1178,NPV
1179,NQP
1180,NR
1181,NRG
1182,NRK
1183,NRP
1184,NRT
1185,NRZ
1186,NS
1187,NSC
1188,NSL
1189,NSM
1190,NSP
1191,NSS
1192,NTG
1193,NTP
1194,NTZ
1195,NUE
1196,NUO
1197,NUS
1198,NUV
1199,NUW
1200,NVGS
1201,NVO
1202,NVR
1203,NVRO
1204,NVS
1205,NWE
1206,NWHM
1207,NWL
1208,NWN
1209,NX
1210,NXC
1211,NXJ
1212,NXN
1213,NXP
1214,NXQ
1215,NXR
1216,NYCB
1217,NYRT
1218,NYT
1219,O
1220,OAS
1221,OC
1222,OCIP
1223,OCN
1224,ODC
1225,OEC
1226,OFC
1227,OFG
1228,OGE
1229,OGS
1230,OHI
1231,OI
1232,OIA
1233,OII
1234,OIS
1235,OKE
1236,OLN
1237,OLP
1238,OMC
1239,OMI
1240,OPK
1241,OPY
1242,ORA
1243,ORAN
1244,ORC
1245,ORCL
1246,ORI
1247,ORN
1248,OSK
1249,OUT
1250,OXM
1251,OXY
1252,P
1253,PAA
1254,PAC
1255,PAG
1256,PAGP
1257,PAI
1258,PAM
1259,PANW
1260,PAR
1261,PAYC
1262,PB
1263,PBA
1264,PBF
1265,PBFX
1266,PBH
1267,PBI
1268,PBR
1269,PBT
1270,PBYI
1271,PCF
1272,PCG
1273,PCI
1274,PCK
1275,PCM
1276,PCN
1277,PCQ
1278,PDI
1279,PDM
1280,PDS
1281,PDT
1282,PEB
1283,PEG
1284,PEI
1285,PEO
1286,PEP
1287,PF
1288,PFD
1289,PFE
1290,PFG
1291,PFL
1292,PFN
1293,PFO
1294,PFS
1295,PFSI
1296,PFX
1297,PG
1298,PGEM
1299,PGH
1300,PGP
1301,PGR
1302,PGRE
1303,PGZ
1304,PH
1305,PHD
1306,PHG
1307,PHH
1308,PHI
1309,PHK
1310,PHM
1311,PHT
1312,PHX
1313,PII
1314,PIM
1315,PKE
1316,PKG
1317,PKI
1318,PKO
1319,PKX
1320,PLD
1321,PLOW
1322,PM
1323,PMF
1324,PML
1325,PMM
1326,PMO
1327,PMT
1328,PMX
1329,PNC
1330,PNF
1331,PNI
1332,PNM
1333,PNR
1334,PNW
1335,POR
1336,POST
1337,PPG
1338,PPL
1339,PPR
1340,PPT
1341,PRA
1342,PRGO
1343,PRI
1344,PRLB
1345,PRO
1346,PRU
1347,PSA
1348,PSB
1349,PSF
1350,PSO
1351,PSX
1352,PSXP
1353,PTR
1354,PTY
1355,PUK
1356,PVG
1357,PVH
1358,PWR
1359,PXD
1360,PYN
1361,PYS
1362,PYT
1363,PZC
1364,PZE
1365,PZN
1366,QSR
1367,QTWO
1368,QUAD
1369,R
1370,RAD
1371,RBA
1372,RBC
1373,RCI
1374,RCL
1375,RCS
1376,RDN
1377,RDY
1378,RE
1379,REG
1380,RENN
1381,RES
1382,REV
1383,REX
1384,REXR
1385,RF
1386,RFI
1387,RFP
1388,RGA
1389,RGP
1390,RGR
1391,RGS
1392,RGT
1393,RH
1394,RHI
1395,RHP
1396,RIG
1397,RIO
1398,RJF
1399,RL
1400,RLGY
1401,RLI
1402,RLJ
1403,RM
1404,RMAX
1405,RMD
1406,RMP
1407,RMT
1408,RNG
1409,RNP
1410,RNR
1411,ROG
1412,ROK
1413,ROL
1414,ROP
1415,RPAI
1416,RPM
1417,RPT
1418,RQI
1419,RRC
1420,RRTS
1421,RS
1422,RSG
1423,RSPP
1424,RVT
1425,RWT
1426,RXN
1427,RY
1428,RYAM
1429,RYI
1430,RYN
1431,RZA
1432,SA
1433,SAH
1434,SAIC
1435,SAM
1436,SAN
1437,SAP
1438,SAR
1439,SB
1440,SBH
1441,SBR
1442,SBS
1443,SC
1444,SCCO
1445,SCD
1446,SCG
1447,SCHW
1448,SCI
1449,SCL
1450,SCM
1451,SCS
1452,SCU
1453,SCX
1454,SEAS
1455,SEE
1456,SEM
1457,SEP
1458,SF
1459,SFE
1460,SFL
1461,SFUN
1462,SGU
1463,SHG
1464,SHI
1465,SHLX
1466,SHO
1467,SHW
1468,SID
1469,SIG
1470,SIR
1471,SIX
1472,SJI
1473,SJM
1474,SJR
1475,SJT
1476,SJW
1477,SKM
1478,SKT
1479,SKX
1480,SLB
1481,SLCA
1482,SLF
1483,SLG
1484,SM
1485,SMFG
1486,SMG
1487,SMLP
1488,SMM
1489,SMP
1490,SNA
1491,SNI
1492,SNN
1493,SNP
1494,SNV
1495,SNX
1496,SNY
1497,SO
1498,SOL
1499,SON
1500,SOR
1501,SPB
1502,SPE
1503,SPG
1504,SPH
1505,SPLP
1506,SPR
1507,SPXX
1508,SQM
1509,SQNS
1510,SR
1511,SRC
1512,SRE
1513,SRI
1514,SRLP
1515,SRT
1516,SRV
1517,SSD
1518,SSL
1519,SSP
1520,SSTK
1521,ST
1522,STAG
1523,STAR
1524,STC
1525,STE
1526,STK
1527,STL
1528,STM
1529,STN
1530,STNG
1531,STON
1532,STOR
1533,STRI
1534,STT
1535,STWD
1536,STZ
1537,SU
1538,SUI
1539,SUN
1540,SUP
1541,SVU
1542,SWK
1543,SWM
1544,SWN
1545,SWX
1546,SWZ
1547,SXC
1548,SXI
1549,SXT
1550,SYF
1551,SYK
1552,SYY
1553,SZC
1554,T
1555,TA
1556,TAC
1557,TAL
1558,TAP
1559,TARO
1560,TBI
1561,TCI
1562,TCS
1563,TD
1564,TDA
1565,TDC
1566,TDF
1567,TDG
1568,TDS
1569,TDW
1570,TDY
1571,TEF
1572,TEI
1573,TEL
1574,TEN
1575,TEO
1576,TEP
1577,TER
1578,TEVA
1579,TEX
1580,TFG
1581,TFX
1582,TG
1583,TGH
1584,TGI
1585,TGP
1586,TGS
1587,TGT
1588,THC
1589,THG
1590,THO
1591,THQ
1592,THR
1593,THS
1594,TISI
1595,TJX
1596,TK
1597,TKC
1598,TKR
1599,TLK
1600,TLYS
1601,TM
1602,TMHC
1603,TMO
1604,TMST
1605,TMUS
1606,TNC
1607,TNET
1608,TNH
1609,TNK
1610,TNP
1611,TOL
1612,TPC
1613,TPH
1614,TPL
1615,TPVG
1616,TPX
1617,TPZ
1618,TR
1619,TRC
1620,TREC
1621,TREX
1622,TRGP
1623,TRI
1624,TRN
1625,TRNO
1626,TROX
1627,TRP
1628,TRQ
1629,TRUP
1630,TRV
1631,TS
1632,TSE
1633,TSI
1634,TSLX
1635,TSM
1636,TSN
1637,TSQ
1638,TTC
1639,TTI
1640,TTM
1641,TTP
1642,TU
1643,TUP
1644,TV
1645,TVC
1646,TVE
1647,TVPT
1648,TWI
1649,TWN
1650,TWO
1651,TWTR
1652,TWX
1653,TX
1654,TXT
1655,TY
1656,TYG
1657,TYL
1658,UAL
1659,UAN
1660,UBA
1661,UBP
1662,UBS
1663,UDR
1664,UFI
1665,UFS
1666,UGI
1667,UGP
1668,UHS
1669,UHT
1670,UIS
1671,UL
1672,UMC
1673,UMH
1674,UNF
1675,UNH
1676,UNM
1677,UNP
1678,UPS
1679,URI
1680,USA
1681,USAC
1682,USB
1683,USDP
1684,USM
1685,USNA
1686,USPH
1687,UTF
1688,UTI
1689,UTL
1690,UVE
1691,UVV
1692,UZB
1693,V
1694,VAC
1695,VALE
1696,VBF
1697,VC
1698,VCRA
1699,VCV
1700,VEC
1701,VEEV
1702,VET
1703,VFC
1704,VG
1705,VGI
1706,VGM
1707,VGR
1708,VHI
1709,VIPS
1710,VIV
1711,VJET
1712,VKQ
1713,VLO
1714,VLP
1715,VLRS
1716,VLT
1717,VLY
1718,VMC
1719,VMI
1720,VMO
1721,VMW
1722,VNCE
1723,VNO
1724,VOC
1725,VOYA
1726,VPG
1727,VPV
1728,VR
1729,VRTV
1730,VSH
1731,VTA
1732,VTN
1733,VTR
1734,VVC
1735,VVI
1736,VVR
1737,VZ
1738,VZA
1739,W
1740,WAB
1741,WAL
1742,WAT
1743,WBK
1744,WBS
1745,WCC
1746,WCN
1747,WD
1748,WDAY
1749,WEA
1750,WEC
1751,WES
1752,WEX
1753,WF
1754,WFC
1755,WGL
1756,WGO
1757,WHG
1758,WHR
1759,WIA
1760,WIT
1761,WIW
1762,WK
1763,WLK
1764,WLKP
1765,WLL
1766,WM
1767,WMB
1768,WMC
1769,WMK
1770,WMS
1771,WMT
1772,WNC
1773,WNS
1774,WOR
1775,WPC
1776,WPP
1777,WPZ
1778,WRB
1779,WRE
1780,WSM
1781,WSO
1782,WSR
1783,WST
1784,WTI
1785,WTM
1786,WTS
1787,WU
1788,WWE
1789,WWW
1790,WY
1791,X
1792,XEL
1793,XIN
1794,XOM
1795,XOXO
1796,XPO
1797,XRM
1798,XRX
1799,XYL
1800,Y
1801,YELP
1802,YPF
1803,YUM
1804,ZBK
1805,ZEN
1806,ZNH
1807,ZOES
1808,ZTR
1809,ZTS
1810,VWAGY
